0	name:divisions||content:"division:text"|"name:text"|"country:text"|
1	name:matchs||content:"Div:text"|"Date:date"|"HomeTeam:text"|"AwayTeam:text"|"FTHG:integer"|"FTAG:integer"|"FTR:text"|"season:integer"|
2	name:sales_in_weather||content:"date:date"|"store_nbr:integer"|"item_nbr:integer"|"units:integer"|
3	name:weather||content:"station_nbr:integer"|"date:date"|"tmax:integer"|"tmin:integer"|"tavg:integer"|"depart:integer"|"dewpoint:integer"|"wetbulb:integer"|"heat:integer"|"cool:integer"|"sunrise:text"|"sunset:text"|"codesum:text"|"snowfall:real"|"preciptotal:real"|"stnpressure:real"|"sealevel:real"|"resultspeed:real"|"resultdir:integer"|"avgspeed:real"|
4	name:relation||content:"store_nbr:integer"|"station_nbr:integer"|
5	name:breweries||content:"id:integer"|"name:text"|"city:text"|"state:text"|
6	name:beers||content:"id:integer"|"brewery_id:integer"|"abv:real"|"ibu:real"|"name:text"|"style:text"|"ounces:real"|
7	name:Batting_Style||content:"Batting_Id:integer"|"Batting_hand:text"|
8	name:Bowling_Style||content:"Bowling_Id:integer"|"Bowling_skill:text"|
9	name:City||content:"City_Id:integer"|"City_Name:text"|"Country_id:integer"|
10	name:Country||content:"Country_Id:integer"|"Country_Name:text"|
11	name:Extra_Type||content:"Extra_Id:integer"|"Extra_Name:text"|
12	name:Extra_Runs||content:"Match_Id:integer"|"Over_Id:integer"|"Ball_Id:integer"|"Extra_Type_Id:integer"|"Extra_Runs:integer"|"Innings_No:integer"|
13	name:Out_Type||content:"Out_Id:integer"|"Out_Name:text"|
14	name:Outcome||content:"Outcome_Id:integer"|"Outcome_Type:text"|
15	name:Player||content:"Player_Id:integer"|"Player_Name:text"|"DOB:date"|"Batting_hand:integer"|"Bowling_skill:integer"|"Country_Name:integer"|
16	name:Rolee||content:"Role_Id:integer"|"Role_Desc:text"|
17	name:Season||content:"Season_Id:integer"|"Man_of_the_Series:integer"|"Orange_Cap:integer"|"Purple_Cap:integer"|"Season_Year:integer"|
18	name:Team||content:"Team_Id:integer"|"Team_Name:text"|
19	name:Toss_Decision||content:"Toss_Id:integer"|"Toss_Name:text"|
20	name:Umpire||content:"Umpire_Id:integer"|"Umpire_Name:text"|"Umpire_Country:integer"|
21	name:Venue||content:"Venue_Id:integer"|"Venue_Name:text"|"City_Id:integer"|
22	name:Win_By||content:"Win_Id:integer"|"Win_Type:text"|
23	name:Match||content:"Match_Id:integer"|"Team_1:integer"|"Team_2:integer"|"Match_Date:date"|"Season_Id:integer"|"Venue_Id:integer"|"Toss_Winner:integer"|"Toss_Decide:integer"|"Win_Type:integer"|"Win_Margin:integer"|"Outcome_type:integer"|"Match_Winner:integer"|"Man_of_the_Match:integer"|
24	name:Ball_by_Ball||content:"Match_Id:integer"|"Over_Id:integer"|"Ball_Id:integer"|"Innings_No:integer"|"Team_Batting:integer"|"Team_Bowling:integer"|"Striker_Batting_Position:integer"|"Striker:integer"|"Non_Striker:integer"|"Bowler:integer"|
25	name:Batsman_Scored||content:"Match_Id:integer"|"Over_Id:integer"|"Ball_Id:integer"|"Runs_Scored:integer"|"Innings_No:integer"|
26	name:Player_Match||content:"Match_Id:integer"|"Player_Id:integer"|"Role_Id:integer"|"Team_Id:integer"|
27	name:Wicket_Taken||content:"Match_Id:integer"|"Over_Id:integer"|"Ball_Id:integer"|"Player_Out:integer"|"Kind_Out:integer"|"Fielders:integer"|"Innings_No:integer"|
28	name:geographic||content:"city:text"|"county:text"|"region:text"|
29	name:generalinfo||content:"id_restaurant:integer"|"label:text"|"food_type:text"|"city:text"|"review:real"|
30	name:location||content:"id_restaurant:integer"|"street_num:integer"|"street_name:text"|"city:text"|
31	name:actor||content:"ActorID:integer"|"Name:text"|"Date of Birth:date"|"Birth City:text"|"Birth Country:text"|"Height (Inches):integer"|"Biography:text"|"Gender:text"|"Ethnicity:text"|"NetWorth:text"|
32	name:movie||content:"MovieID:integer"|"Title:text"|"MPAA Rating:text"|"Budget:integer"|"Gross:integer"|"Release Date:text"|"Genre:text"|"Runtime:integer"|"Rating:real"|"Rating Count:integer"|"Summary:text"|
33	name:characters||content:"MovieID:integer"|"ActorID:integer"|"Character Name:text"|"creditOrder:integer"|"pay:text"|"screentime:text"|
34	name:city||content:"id:integer"|"city_name:text"|
35	name:games||content:"id:integer"|"games_year:integer"|"games_name:text"|"season:text"|
36	name:games_city||content:"games_id:integer"|"city_id:integer"|
37	name:medal||content:"id:integer"|"medal_name:text"|
38	name:noc_region||content:"id:integer"|"noc:text"|"region_name:text"|
39	name:person||content:"id:integer"|"full_name:text"|"gender:text"|"height:integer"|"weight:integer"|
40	name:games_competitor||content:"id:integer"|"games_id:integer"|"person_id:integer"|"age:integer"|
41	name:person_region||content:"person_id:integer"|"region_id:integer"|
42	name:sport||content:"id:integer"|"sport_name:text"|
43	name:event||content:"id:integer"|"sport_id:integer"|"event_name:text"|
44	name:competitor_event||content:"event_id:integer"|"competitor_id:integer"|"medal_id:integer"|
45	name:langs||content:"lid:integer"|"lang:text"|"locale:text"|"pages:integer"|"words:integer"|
46	name:pages||content:"pid:integer"|"lid:integer"|"page:integer"|"revision:integer"|"title:text"|"words:integer"|
47	name:words||content:"wid:integer"|"word:text"|"occurrences:integer"|
48	name:langs_words||content:"lid:integer"|"wid:integer"|"occurrences:integer"|
49	name:pages_words||content:"pid:integer"|"wid:integer"|"occurrences:integer"|
50	name:biwords||content:"lid:integer"|"w1st:integer"|"w2nd:integer"|"occurrences:integer"|
51	name:playstore||content:"App:text"|"Category:text"|"Rating:real"|"Reviews:integer"|"Size:text"|"Installs:text"|"Type:text"|"Price:text"|"Content Rating:text"|"Genres:text"|
52	name:user_reviews||content:"App:text"|"Translated_Review:text"|"Sentiment:text"|"Sentiment_Polarity:text"|"Sentiment_Subjectivity:text"|
53	name:Customers||content:"CustomerID:integer"|"FirstName:text"|"MiddleInitial:text"|"LastName:text"|
54	name:Employees||content:"EmployeeID:integer"|"FirstName:text"|"MiddleInitial:text"|"LastName:text"|
55	name:Products||content:"ProductID:integer"|"Name:text"|"Price:real"|
56	name:Sales||content:"SalesID:integer"|"SalesPersonID:integer"|"CustomerID:integer"|"ProductID:integer"|"Quantity:integer"|
57	name:genre||content:"id:integer"|"genre_name:text"|
58	name:game||content:"id:integer"|"genre_id:integer"|"game_name:text"|
59	name:platform||content:"id:integer"|"platform_name:text"|
60	name:publisher||content:"id:integer"|"publisher_name:text"|
61	name:game_publisher||content:"id:integer"|"game_id:integer"|"publisher_id:integer"|
62	name:game_platform||content:"id:integer"|"game_publisher_id:integer"|"platform_id:integer"|"release_year:integer"|
63	name:region||content:"id:integer"|"region_name:text"|
64	name:region_sales||content:"region_id:integer"|"game_platform_id:integer"|"num_sales:real"|
65	name:ATT_CLASSES||content:"ATT_CLASS_ID:integer"|"ATT_CLASS:text"|
66	name:OBJ_CLASSES||content:"OBJ_CLASS_ID:integer"|"OBJ_CLASS:text"|
67	name:IMG_OBJ||content:"IMG_ID:integer"|"OBJ_SAMPLE_ID:integer"|"OBJ_CLASS_ID:integer"|"X:integer"|"Y:integer"|"W:integer"|"H:integer"|
68	name:IMG_OBJ_ATT||content:"IMG_ID:integer"|"ATT_CLASS_ID:integer"|"OBJ_SAMPLE_ID:integer"|
69	name:PRED_CLASSES||content:"PRED_CLASS_ID:integer"|"PRED_CLASS:text"|
70	name:IMG_REL||content:"IMG_ID:integer"|"PRED_CLASS_ID:integer"|"OBJ1_SAMPLE_ID:integer"|"OBJ2_SAMPLE_ID:integer"|
71	name:Demog||content:"GEOID:integer"|"INHABITANTS_K:real"|"INCOME_K:real"|"A_VAR1:real"|"A_VAR2:real"|"A_VAR3:real"|"A_VAR4:real"|"A_VAR5:real"|"A_VAR6:real"|"A_VAR7:real"|"A_VAR8:real"|"A_VAR9:real"|"A_VAR10:real"|"A_VAR11:real"|"A_VAR12:real"|"A_VAR13:real"|"A_VAR14:real"|"A_VAR15:real"|"A_VAR16:real"|"A_VAR17:real"|"A_VAR18:real"|
72	name:mailings3||content:"REFID:integer"|"REF_DATE:datetime"|"RESPONSE:text"|
73	name:Customers||content:"ID:integer"|"SEX:text"|"MARITAL_STATUS:text"|"GEOID:integer"|"EDUCATIONNUM:integer"|"OCCUPATION:text"|"age:integer"|
74	name:Mailings1_2||content:"REFID:integer"|"REF_DATE:datetime"|"RESPONSE:text"|
75	name:Sales||content:"EVENTID:integer"|"REFID:integer"|"EVENT_DATE:datetime"|"AMOUNT:real"|
76	name:Author||content:"Id:integer"|"Name:text"|"Affiliation:text"|
77	name:Conference||content:"Id:integer"|"ShortName:text"|"FullName:text"|"HomePage:text"|
78	name:Journal||content:"Id:integer"|"ShortName:text"|"FullName:text"|"HomePage:text"|
79	name:Paper||content:"Id:integer"|"Title:text"|"Year:integer"|"ConferenceId:integer"|"JournalId:integer"|"Keyword:text"|
80	name:PaperAuthor||content:"PaperId:integer"|"AuthorId:integer"|"Name:text"|"Affiliation:text"|
81	name:country||content:"country_id:integer"|"country_iso_code:text"|"country_name:text"|
82	name:department||content:"department_id:integer"|"department_name:text"|
83	name:gender||content:"gender_id:integer"|"gender:text"|
84	name:genre||content:"genre_id:integer"|"genre_name:text"|
85	name:keyword||content:"keyword_id:integer"|"keyword_name:text"|
86	name:language||content:"language_id:integer"|"language_code:text"|"language_name:text"|
87	name:language_role||content:"role_id:integer"|"language_role:text"|
88	name:movie||content:"movie_id:integer"|"title:text"|"budget:integer"|"homepage:text"|"overview:text"|"popularity:real"|"release_date:date"|"revenue:integer"|"runtime:integer"|"movie_status:text"|"tagline:text"|"vote_average:real"|"vote_count:integer"|
89	name:movie_genres||content:"movie_id:integer"|"genre_id:integer"|
90	name:movie_languages||content:"movie_id:integer"|"language_id:integer"|"language_role_id:integer"|
91	name:person||content:"person_id:integer"|"person_name:text"|
92	name:movie_crew||content:"movie_id:integer"|"person_id:integer"|"department_id:integer"|"job:text"|
93	name:production_company||content:"company_id:integer"|"company_name:text"|
94	name:production_country||content:"movie_id:integer"|"country_id:integer"|
95	name:movie_cast||content:"movie_id:integer"|"person_id:integer"|"character_name:text"|"gender_id:integer"|"cast_order:integer"|
96	name:movie_keywords||content:"movie_id:integer"|"keyword_id:integer"|
97	name:movie_company||content:"movie_id:integer"|"company_id:integer"|
98	name:location||content:"LocationID:integer"|"Country:text"|"State:text"|"StateCode:text"|"City:text"|
99	name:user||content:"UserID:text"|"Gender:text"|
100	name:twitter||content:"TweetID:text"|"Weekday:text"|"Hour:integer"|"Day:integer"|"Lang:text"|"IsReshare:text"|"Reach:integer"|"RetweetCount:integer"|"Likes:integer"|"Klout:integer"|"Sentiment:real"|"text:text"|"LocationID:integer"|"UserID:text"|
101	name:location||content:"locationID:integer"|"locationcity:text"|"address:text"|"state:text"|"zipcode:integer"|"officephone:text"|
102	name:position||content:"positionID:integer"|"positiontitle:text"|"educationrequired:text"|"minsalary:text"|"maxsalary:text"|
103	name:employee||content:"ssn:text"|"lastname:text"|"firstname:text"|"hiredate:text"|"salary:text"|"gender:text"|"performance:text"|"positionID:integer"|"locationID:integer"|
104	name:Customers||content:"CustomerID:integer"|"Customer Names:text"|
105	name:Products||content:"ProductID:integer"|"Product Name:text"|
106	name:Regions||content:"StateCode:text"|"State:text"|"Region:text"|
107	name:Sales Team||content:"SalesTeamID:integer"|"Sales Team:text"|"Region:text"|
108	name:Store Locations||content:"StoreID:integer"|"City Name:text"|"County:text"|"StateCode:text"|"State:text"|"Type:text"|"Latitude:real"|"Longitude:real"|"AreaCode:integer"|"Population:integer"|"Household Income:integer"|"Median Income:integer"|"Land Area:integer"|"Water Area:integer"|"Time Zone:text"|
109	name:Sales Orders||content:"OrderNumber:text"|"Sales Channel:text"|"WarehouseCode:text"|"ProcuredDate:text"|"OrderDate:text"|"ShipDate:text"|"DeliveryDate:text"|"CurrencyCode:text"|"_SalesTeamID:integer"|"_CustomerID:integer"|"_StoreID:integer"|"_ProductID:integer"|"Order Quantity:integer"|"Discount Applied:real"|"Unit Price:text"|"Unit Cost:text"|
110	name:course||content:"course_id:integer"|"courseLevel:text"|
111	name:person||content:"p_id:integer"|"professor:integer"|"student:integer"|"hasPosition:text"|"inPhase:text"|"yearsInProgram:text"|
112	name:advisedBy||content:"p_id:integer"|"p_id_dummy:integer"|
113	name:taughtBy||content:"course_id:integer"|"p_id:integer"|
114	name:CountryRegion||content:"CountryRegionCode:text"|"Name:text"|"ModifiedDate:datetime"|
115	name:Culture||content:"CultureID:text"|"Name:text"|"ModifiedDate:datetime"|
116	name:Currency||content:"CurrencyCode:text"|"Name:text"|"ModifiedDate:datetime"|
117	name:CountryRegionCurrency||content:"CountryRegionCode:text"|"CurrencyCode:text"|"ModifiedDate:datetime"|
118	name:Person||content:"BusinessEntityID:integer"|"PersonType:text"|"NameStyle:integer"|"Title:text"|"FirstName:text"|"MiddleName:text"|"LastName:text"|"Suffix:text"|"EmailPromotion:integer"|"AdditionalContactInfo:text"|"Demographics:text"|"rowguid:text"|"ModifiedDate:datetime"|
119	name:BusinessEntityContact||content:"BusinessEntityID:integer"|"PersonID:integer"|"ContactTypeID:integer"|"rowguid:text"|"ModifiedDate:datetime"|
120	name:EmailAddress||content:"BusinessEntityID:integer"|"EmailAddressID:integer"|"EmailAddress:text"|"rowguid:text"|"ModifiedDate:datetime"|
121	name:Employee||content:"BusinessEntityID:integer"|"NationalIDNumber:text"|"LoginID:text"|"OrganizationNode:text"|"OrganizationLevel:integer"|"JobTitle:text"|"BirthDate:date"|"MaritalStatus:text"|"Gender:text"|"HireDate:date"|"SalariedFlag:integer"|"VacationHours:integer"|"SickLeaveHours:integer"|"CurrentFlag:integer"|"rowguid:text"|"ModifiedDate:datetime"|
122	name:Password||content:"BusinessEntityID:integer"|"PasswordHash:text"|"PasswordSalt:text"|"rowguid:text"|"ModifiedDate:datetime"|
123	name:PersonCreditCard||content:"BusinessEntityID:integer"|"CreditCardID:integer"|"ModifiedDate:datetime"|
124	name:ProductCategory||content:"ProductCategoryID:integer"|"Name:text"|"rowguid:text"|"ModifiedDate:datetime"|
125	name:ProductDescription||content:"ProductDescriptionID:integer"|"Description:text"|"rowguid:text"|"ModifiedDate:datetime"|
126	name:ProductModel||content:"ProductModelID:integer"|"Name:text"|"CatalogDescription:text"|"Instructions:text"|"rowguid:text"|"ModifiedDate:datetime"|
127	name:ProductModelProductDescriptionCulture||content:"ProductModelID:integer"|"ProductDescriptionID:integer"|"CultureID:text"|"ModifiedDate:datetime"|
128	name:ProductPhoto||content:"ProductPhotoID:integer"|"ThumbNailPhoto:blob"|"ThumbnailPhotoFileName:text"|"LargePhoto:blob"|"LargePhotoFileName:text"|"ModifiedDate:datetime"|
129	name:ProductSubcategory||content:"ProductSubcategoryID:integer"|"ProductCategoryID:integer"|"Name:text"|"rowguid:text"|"ModifiedDate:datetime"|
130	name:SalesReason||content:"SalesReasonID:integer"|"Name:text"|"ReasonType:text"|"ModifiedDate:datetime"|
131	name:SalesTerritory||content:"TerritoryID:integer"|"Name:text"|"CountryRegionCode:text"|"Group:text"|"SalesYTD:real"|"SalesLastYear:real"|"CostYTD:real"|"CostLastYear:real"|"rowguid:text"|"ModifiedDate:datetime"|
132	name:SalesPerson||content:"BusinessEntityID:integer"|"TerritoryID:integer"|"SalesQuota:real"|"Bonus:real"|"CommissionPct:real"|"SalesYTD:real"|"SalesLastYear:real"|"rowguid:text"|"ModifiedDate:datetime"|
133	name:SalesPersonQuotaHistory||content:"BusinessEntityID:integer"|"QuotaDate:datetime"|"SalesQuota:real"|"rowguid:text"|"ModifiedDate:datetime"|
134	name:SalesTerritoryHistory||content:"BusinessEntityID:integer"|"TerritoryID:integer"|"StartDate:datetime"|"EndDate:datetime"|"rowguid:text"|"ModifiedDate:datetime"|
135	name:ScrapReason||content:"ScrapReasonID:integer"|"Name:text"|"ModifiedDate:datetime"|
136	name:Shift||content:"ShiftID:integer"|"Name:text"|"StartTime:text"|"EndTime:text"|"ModifiedDate:datetime"|
137	name:ShipMethod||content:"ShipMethodID:integer"|"Name:text"|"ShipBase:real"|"ShipRate:real"|"rowguid:text"|"ModifiedDate:datetime"|
138	name:SpecialOffer||content:"SpecialOfferID:integer"|"Description:text"|"DiscountPct:real"|"Type:text"|"Category:text"|"StartDate:datetime"|"EndDate:datetime"|"MinQty:integer"|"MaxQty:integer"|"rowguid:text"|"ModifiedDate:datetime"|
139	name:BusinessEntityAddress||content:"BusinessEntityID:integer"|"AddressID:integer"|"AddressTypeID:integer"|"rowguid:text"|"ModifiedDate:datetime"|
140	name:SalesTaxRate||content:"SalesTaxRateID:integer"|"StateProvinceID:integer"|"TaxType:integer"|"TaxRate:real"|"Name:text"|"rowguid:text"|"ModifiedDate:datetime"|
141	name:Store||content:"BusinessEntityID:integer"|"Name:text"|"SalesPersonID:integer"|"Demographics:text"|"rowguid:text"|"ModifiedDate:datetime"|
142	name:SalesOrderHeaderSalesReason||content:"SalesOrderID:integer"|"SalesReasonID:integer"|"ModifiedDate:datetime"|
143	name:TransactionHistoryArchive||content:"TransactionID:integer"|"ProductID:integer"|"ReferenceOrderID:integer"|"ReferenceOrderLineID:integer"|"TransactionDate:datetime"|"TransactionType:text"|"Quantity:integer"|"ActualCost:real"|"ModifiedDate:datetime"|
144	name:UnitMeasure||content:"UnitMeasureCode:text"|"Name:text"|"ModifiedDate:datetime"|
145	name:ProductCostHistory||content:"ProductID:integer"|"StartDate:date"|"EndDate:date"|"StandardCost:real"|"ModifiedDate:datetime"|
146	name:ProductDocument||content:"ProductID:integer"|"DocumentNode:text"|"ModifiedDate:datetime"|
147	name:ProductInventory||content:"ProductID:integer"|"LocationID:integer"|"Shelf:text"|"Bin:integer"|"Quantity:integer"|"rowguid:text"|"ModifiedDate:datetime"|
148	name:ProductProductPhoto||content:"ProductID:integer"|"ProductPhotoID:integer"|"Primary:integer"|"ModifiedDate:datetime"|
149	name:ProductReview||content:"ProductReviewID:integer"|"ProductID:integer"|"ReviewerName:text"|"ReviewDate:datetime"|"EmailAddress:text"|"Rating:integer"|"Comments:text"|"ModifiedDate:datetime"|
150	name:ShoppingCartItem||content:"ShoppingCartItemID:integer"|"ShoppingCartID:text"|"Quantity:integer"|"ProductID:integer"|"DateCreated:datetime"|"ModifiedDate:datetime"|
151	name:SpecialOfferProduct||content:"SpecialOfferID:integer"|"ProductID:integer"|"rowguid:text"|"ModifiedDate:datetime"|
152	name:SalesOrderDetail||content:"SalesOrderID:integer"|"SalesOrderDetailID:integer"|"CarrierTrackingNumber:text"|"OrderQty:integer"|"ProductID:integer"|"SpecialOfferID:integer"|"UnitPrice:real"|"UnitPriceDiscount:real"|"LineTotal:real"|"rowguid:text"|"ModifiedDate:datetime"|
153	name:TransactionHistory||content:"TransactionID:integer"|"ProductID:integer"|"ReferenceOrderID:integer"|"ReferenceOrderLineID:integer"|"TransactionDate:datetime"|"TransactionType:text"|"Quantity:integer"|"ActualCost:real"|"ModifiedDate:datetime"|
154	name:Vendor||content:"BusinessEntityID:integer"|"AccountNumber:text"|"Name:text"|"CreditRating:integer"|"PreferredVendorStatus:integer"|"ActiveFlag:integer"|"PurchasingWebServiceURL:text"|"ModifiedDate:datetime"|
155	name:ProductVendor||content:"ProductID:integer"|"BusinessEntityID:integer"|"AverageLeadTime:integer"|"StandardPrice:real"|"LastReceiptCost:real"|"LastReceiptDate:datetime"|"MinOrderQty:integer"|"MaxOrderQty:integer"|"OnOrderQty:integer"|"UnitMeasureCode:text"|"ModifiedDate:datetime"|
156	name:PurchaseOrderHeader||content:"PurchaseOrderID:integer"|"RevisionNumber:integer"|"Status:integer"|"EmployeeID:integer"|"VendorID:integer"|"ShipMethodID:integer"|"OrderDate:datetime"|"ShipDate:datetime"|"SubTotal:real"|"TaxAmt:real"|"Freight:real"|"TotalDue:real"|"ModifiedDate:datetime"|
157	name:PurchaseOrderDetail||content:"PurchaseOrderID:integer"|"PurchaseOrderDetailID:integer"|"DueDate:datetime"|"OrderQty:integer"|"ProductID:integer"|"UnitPrice:real"|"LineTotal:real"|"ReceivedQty:real"|"RejectedQty:real"|"StockedQty:real"|"ModifiedDate:datetime"|
158	name:WorkOrder||content:"WorkOrderID:integer"|"ProductID:integer"|"OrderQty:integer"|"StockedQty:integer"|"ScrappedQty:integer"|"StartDate:datetime"|"EndDate:datetime"|"DueDate:datetime"|"ScrapReasonID:integer"|"ModifiedDate:datetime"|
159	name:WorkOrderRouting||content:"WorkOrderID:integer"|"ProductID:integer"|"OperationSequence:integer"|"LocationID:integer"|"ScheduledStartDate:datetime"|"ScheduledEndDate:datetime"|"ActualStartDate:datetime"|"ActualEndDate:datetime"|"ActualResourceHrs:real"|"PlannedCost:real"|"ActualCost:real"|"ModifiedDate:datetime"|
160	name:Customer||content:"CustomerID:integer"|"PersonID:integer"|"StoreID:integer"|"TerritoryID:integer"|"AccountNumber:text"|"rowguid:text"|"ModifiedDate:datetime"|
161	name:ProductListPriceHistory||content:"ProductID:integer"|"StartDate:date"|"EndDate:date"|"ListPrice:real"|"ModifiedDate:datetime"|
162	name:Address||content:"AddressID:integer"|"AddressLine1:text"|"AddressLine2:text"|"City:text"|"StateProvinceID:integer"|"PostalCode:text"|"SpatialLocation:text"|"rowguid:text"|"ModifiedDate:datetime"|
163	name:AddressType||content:"AddressTypeID:integer"|"Name:text"|"rowguid:text"|"ModifiedDate:datetime"|
164	name:BillOfMaterials||content:"BillOfMaterialsID:integer"|"ProductAssemblyID:integer"|"ComponentID:integer"|"StartDate:datetime"|"EndDate:datetime"|"UnitMeasureCode:text"|"BOMLevel:integer"|"PerAssemblyQty:real"|"ModifiedDate:datetime"|
165	name:BusinessEntity||content:"BusinessEntityID:integer"|"rowguid:text"|"ModifiedDate:datetime"|
166	name:ContactType||content:"ContactTypeID:integer"|"Name:text"|"ModifiedDate:datetime"|
167	name:CurrencyRate||content:"CurrencyRateID:integer"|"CurrencyRateDate:datetime"|"FromCurrencyCode:text"|"ToCurrencyCode:text"|"AverageRate:real"|"EndOfDayRate:real"|"ModifiedDate:datetime"|
168	name:Department||content:"DepartmentID:integer"|"Name:text"|"GroupName:text"|"ModifiedDate:datetime"|
169	name:EmployeeDepartmentHistory||content:"BusinessEntityID:integer"|"DepartmentID:integer"|"ShiftID:integer"|"StartDate:date"|"EndDate:date"|"ModifiedDate:datetime"|
170	name:EmployeePayHistory||content:"BusinessEntityID:integer"|"RateChangeDate:datetime"|"Rate:real"|"PayFrequency:integer"|"ModifiedDate:datetime"|
171	name:JobCandidate||content:"JobCandidateID:integer"|"BusinessEntityID:integer"|"Resume:text"|"ModifiedDate:datetime"|
172	name:Location||content:"LocationID:integer"|"Name:text"|"CostRate:real"|"Availability:real"|"ModifiedDate:datetime"|
173	name:PhoneNumberType||content:"PhoneNumberTypeID:integer"|"Name:text"|"ModifiedDate:datetime"|
174	name:Product||content:"ProductID:integer"|"Name:text"|"ProductNumber:text"|"MakeFlag:integer"|"FinishedGoodsFlag:integer"|"Color:text"|"SafetyStockLevel:integer"|"ReorderPoint:integer"|"StandardCost:real"|"ListPrice:real"|"Size:text"|"SizeUnitMeasureCode:text"|"WeightUnitMeasureCode:text"|"Weight:real"|"DaysToManufacture:integer"|"ProductLine:text"|"Class:text"|"Style:text"|"ProductSubcategoryID:integer"|"ProductModelID:integer"|"SellStartDate:datetime"|"SellEndDate:datetime"|"DiscontinuedDate:datetime"|"rowguid:text"|"ModifiedDate:datetime"|
175	name:Document||content:"DocumentNode:text"|"DocumentLevel:integer"|"Title:text"|"Owner:integer"|"FolderFlag:integer"|"FileName:text"|"FileExtension:text"|"Revision:text"|"ChangeNumber:integer"|"Status:integer"|"DocumentSummary:text"|"Document:blob"|"rowguid:text"|"ModifiedDate:datetime"|
176	name:StateProvince||content:"StateProvinceID:integer"|"StateProvinceCode:text"|"CountryRegionCode:text"|"IsOnlyStateProvinceFlag:integer"|"Name:text"|"TerritoryID:integer"|"rowguid:text"|"ModifiedDate:datetime"|
177	name:CreditCard||content:"CreditCardID:integer"|"CardType:text"|"CardNumber:text"|"ExpMonth:integer"|"ExpYear:integer"|"ModifiedDate:datetime"|
178	name:SalesOrderHeader||content:"SalesOrderID:integer"|"RevisionNumber:integer"|"OrderDate:datetime"|"DueDate:datetime"|"ShipDate:datetime"|"Status:integer"|"OnlineOrderFlag:integer"|"SalesOrderNumber:text"|"PurchaseOrderNumber:text"|"AccountNumber:text"|"CustomerID:integer"|"SalesPersonID:integer"|"TerritoryID:integer"|"BillToAddressID:integer"|"ShipToAddressID:integer"|"ShipMethodID:integer"|"CreditCardID:integer"|"CreditCardApprovalCode:text"|"CurrencyRateID:integer"|"SubTotal:real"|"TaxAmt:real"|"Freight:real"|"TotalDue:real"|"Comment:text"|"rowguid:text"|"ModifiedDate:datetime"|
179	name:employee||content:"employee_id:integer"|"first_name:text"|"last_name:text"|"address:text"|"city:text"|"state:text"|"zip:integer"|"phone:text"|"title:text"|"salary:integer"|"supervisor:integer"|
180	name:establishment||content:"license_no:integer"|"dba_name:text"|"aka_name:text"|"facility_type:text"|"risk_level:integer"|"address:text"|"city:text"|"state:text"|"zip:integer"|"latitude:real"|"longitude:real"|"ward:integer"|
181	name:inspection||content:"inspection_id:integer"|"inspection_date:date"|"inspection_type:text"|"results:text"|"employee_id:integer"|"license_no:integer"|"followup_to:integer"|
182	name:inspection_point||content:"point_id:integer"|"Description:text"|"category:text"|"code:text"|"fine:integer"|"point_level:text"|
183	name:violation||content:"inspection_id:integer"|"point_id:integer"|"fine:integer"|"inspector_comment:text"|
184	name:cites||content:"cited_paper_id:text"|"citing_paper_id:text"|
185	name:paper||content:"paper_id:text"|"class_label:text"|
186	name:content||content:"paper_id:text"|"word_cited_id:text"|
187	name:station||content:"id:integer"|"name:text"|"lat:real"|"long:real"|"dock_count:integer"|"city:text"|"installation_date:text"|
188	name:status||content:"station_id:integer"|"bikes_available:integer"|"docks_available:integer"|"time:text"|
189	name:trip||content:"id:integer"|"duration:integer"|"start_date:text"|"start_station_name:text"|"start_station_id:integer"|"end_date:text"|"end_station_name:text"|"end_station_id:integer"|"bike_id:integer"|"subscription_type:text"|"zip_code:integer"|
190	name:weather||content:"date:text"|"max_temperature_f:integer"|"mean_temperature_f:integer"|"min_temperature_f:integer"|"max_dew_point_f:integer"|"mean_dew_point_f:integer"|"min_dew_point_f:integer"|"max_humidity:integer"|"mean_humidity:integer"|"min_humidity:integer"|"max_sea_level_pressure_inches:real"|"mean_sea_level_pressure_inches:real"|"min_sea_level_pressure_inches:real"|"max_visibility_miles:integer"|"mean_visibility_miles:integer"|"min_visibility_miles:integer"|"max_wind_Speed_mph:integer"|"mean_wind_speed_mph:integer"|"max_gust_speed_mph:integer"|"precipitation_inches:text"|"cloud_cover:integer"|"events:text"|"wind_dir_degrees:integer"|"zip_code:text"|
191	name:Episode||content:"episode_id:text"|"series:text"|"season:integer"|"episode:integer"|"number_in_series:integer"|"title:text"|"summary:text"|"air_date:date"|"episode_image:text"|"rating:real"|"votes:integer"|
192	name:Keyword||content:"episode_id:text"|"keyword:text"|
193	name:Person||content:"person_id:text"|"name:text"|"birthdate:date"|"birth_name:text"|"birth_place:text"|"birth_region:text"|"birth_country:text"|"height_meters:real"|"nickname:text"|
194	name:Award||content:"award_id:integer"|"organization:text"|"year:integer"|"award_category:text"|"award:text"|"series:text"|"episode_id:text"|"person_id:text"|"role:text"|"result:text"|
195	name:Credit||content:"episode_id:text"|"person_id:text"|"category:text"|"role:text"|"credited:text"|
196	name:Vote||content:"episode_id:text"|"stars:integer"|"votes:integer"|"percent:real"|
197	name:course||content:"course_id:integer"|"name:text"|"credit:integer"|"diff:integer"|
198	name:prof||content:"prof_id:integer"|"gender:text"|"first_name:text"|"last_name:text"|"email:text"|"popularity:integer"|"teachingability:integer"|"graduate_from:text"|
199	name:RA||content:"student_id:integer"|"capability:integer"|"prof_id:integer"|"salary:text"|
200	name:registration||content:"course_id:integer"|"student_id:integer"|"grade:text"|"sat:integer"|
201	name:student||content:"student_id:integer"|"f_name:text"|"l_name:text"|"phone_number:text"|"email:text"|"intelligence:integer"|"gpa:real"|"type:text"|
202	name:current||content:"ballotpedia_id:text"|"bioguide_id:text"|"birthday_bio:date"|"cspan_id:real"|"fec_id:text"|"first_name:text"|"gender_bio:text"|"google_entity_id_id:text"|"govtrack_id:integer"|"house_history_id:real"|"icpsr_id:real"|"last_name:text"|"lis_id:text"|"maplight_id:real"|"middle_name:text"|"nickname_name:text"|"official_full_name:text"|"opensecrets_id:text"|"religion_bio:text"|"suffix_name:text"|"thomas_id:integer"|"votesmart_id:real"|"wikidata_id:text"|"wikipedia_id:text"|
203	name:current-terms||content:"address:text"|"bioguide:text"|"caucus:text"|"chamber:text"|"class:real"|"contact_form:text"|"district:real"|"end:text"|"fax:text"|"last:text"|"name:text"|"office:text"|"party:text"|"party_affiliations:text"|"phone:text"|"relation:text"|"rss_url:text"|"start:text"|"state:text"|"state_rank:text"|"title:text"|"type:text"|"url:text"|
204	name:historical||content:"ballotpedia_id:text"|"bioguide_id:text"|"bioguide_previous_id:text"|"birthday_bio:text"|"cspan_id:text"|"fec_id:text"|"first_name:text"|"gender_bio:text"|"google_entity_id_id:text"|"govtrack_id:integer"|"house_history_alternate_id:text"|"house_history_id:real"|"icpsr_id:real"|"last_name:text"|"lis_id:text"|"maplight_id:text"|"middle_name:text"|"nickname_name:text"|"official_full_name:text"|"opensecrets_id:text"|"religion_bio:text"|"suffix_name:text"|"thomas_id:text"|"votesmart_id:text"|"wikidata_id:text"|"wikipedia_id:text"|
205	name:historical-terms||content:"address:text"|"bioguide:text"|"chamber:text"|"class:real"|"contact_form:text"|"district:real"|"end:text"|"fax:text"|"last:text"|"middle:text"|"name:text"|"office:text"|"party:text"|"party_affiliations:text"|"phone:text"|"relation:text"|"rss_url:text"|"start:text"|"state:text"|"state_rank:text"|"title:text"|"type:text"|"url:text"|
206	name:social-media||content:"bioguide:text"|"facebook:text"|"facebook_id:real"|"govtrack:real"|"instagram:text"|"instagram_id:real"|"thomas:integer"|"twitter:text"|"twitter_id:real"|"youtube:text"|"youtube_id:text"|
207	name:City||content:"ID:integer"|"Name:text"|"CountryCode:text"|"District:text"|"Population:integer"|
208	name:Country||content:"Code:text"|"Name:text"|"Continent:text"|"Region:text"|"SurfaceArea:real"|"IndepYear:integer"|"Population:integer"|"LifeExpectancy:real"|"GNP:real"|"GNPOld:real"|"LocalName:text"|"GovernmentForm:text"|"HeadOfState:text"|"Capital:integer"|"Code2:text"|
209	name:CountryLanguage||content:"CountryCode:text"|"Language:text"|"IsOfficial:text"|"Percentage:real"|
210	name:Ingredient||content:"ingredient_id:integer"|"category:text"|"name:text"|"plural:text"|
211	name:Recipe||content:"recipe_id:integer"|"title:text"|"subtitle:text"|"servings:integer"|"yield_unit:text"|"prep_min:integer"|"cook_min:integer"|"stnd_min:integer"|"source:text"|"intro:text"|"directions:text"|
212	name:Nutrition||content:"recipe_id:integer"|"protein:real"|"carbo:real"|"alcohol:real"|"total_fat:real"|"sat_fat:real"|"cholestrl:real"|"sodium:real"|"iron:real"|"vitamin_c:real"|"vitamin_a:real"|"fiber:real"|"pcnt_cal_carb:real"|"pcnt_cal_fat:real"|"pcnt_cal_prot:real"|"calories:real"|
213	name:Quantity||content:"quantity_id:integer"|"recipe_id:integer"|"ingredient_id:integer"|"max_qty:real"|"min_qty:real"|"unit:text"|"preparation:text"|"optional:text"|
214	name:country||content:"id:integer"|"country_name:text"|
215	name:ranking_system||content:"id:integer"|"system_name:text"|
216	name:ranking_criteria||content:"id:integer"|"ranking_system_id:integer"|"criteria_name:text"|
217	name:university||content:"id:integer"|"country_id:integer"|"university_name:text"|
218	name:university_ranking_year||content:"university_id:integer"|"ranking_criteria_id:integer"|"year:integer"|"score:integer"|
219	name:university_year||content:"university_id:integer"|"year:integer"|"num_students:integer"|"student_staff_ratio:real"|"pct_international_students:integer"|"pct_female_students:integer"|
220	name:address_status||content:"status_id:integer"|"address_status:text"|
221	name:author||content:"author_id:integer"|"author_name:text"|
222	name:book_language||content:"language_id:integer"|"language_code:text"|"language_name:text"|
223	name:country||content:"country_id:integer"|"country_name:text"|
224	name:address||content:"address_id:integer"|"street_number:text"|"street_name:text"|"city:text"|"country_id:integer"|
225	name:customer||content:"customer_id:integer"|"first_name:text"|"last_name:text"|"email:text"|
226	name:customer_address||content:"customer_id:integer"|"address_id:integer"|"status_id:integer"|
227	name:order_status||content:"status_id:integer"|"status_value:text"|
228	name:publisher||content:"publisher_id:integer"|"publisher_name:text"|
229	name:book||content:"book_id:integer"|"title:text"|"isbn13:text"|"language_id:integer"|"num_pages:integer"|"publication_date:date"|"publisher_id:integer"|
230	name:book_author||content:"book_id:integer"|"author_id:integer"|
231	name:shipping_method||content:"method_id:integer"|"method_name:text"|"cost:real"|
232	name:cust_order||content:"order_id:integer"|"order_date:datetime"|"customer_id:integer"|"shipping_method_id:integer"|"dest_address_id:integer"|
233	name:order_history||content:"history_id:integer"|"order_id:integer"|"status_id:integer"|"status_date:datetime"|
234	name:order_line||content:"line_id:integer"|"order_id:integer"|"book_id:integer"|"price:real"|
235	name:city||content:"city_id:integer"|"city_name:text"|"state:text"|"population:integer"|"area:real"|
236	name:customer||content:"cust_id:integer"|"cust_name:text"|"annual_revenue:integer"|"cust_type:text"|"address:text"|"city:text"|"state:text"|"zip:real"|"phone:text"|
237	name:driver||content:"driver_id:integer"|"first_name:text"|"last_name:text"|"address:text"|"city:text"|"state:text"|"zip_code:integer"|"phone:text"|
238	name:truck||content:"truck_id:integer"|"make:text"|"model_year:integer"|
239	name:shipment||content:"ship_id:integer"|"cust_id:integer"|"weight:real"|"truck_id:integer"|"driver_id:integer"|"city_id:integer"|"ship_date:text"|
240	name:businesses||content:"business_id:integer"|"name:text"|"address:text"|"city:text"|"postal_code:text"|"latitude:real"|"longitude:real"|"phone_number:integer"|"tax_code:text"|"business_certificate:integer"|"application_date:date"|"owner_name:text"|"owner_address:text"|"owner_city:text"|"owner_state:text"|"owner_zip:text"|
241	name:inspections||content:"business_id:integer"|"score:integer"|"date:date"|"type:text"|
242	name:violations||content:"business_id:integer"|"date:date"|"violation_type_id:text"|"risk_category:text"|"description:text"|
243	name:lists||content:"user_id:integer"|"list_id:integer"|"list_title:text"|"list_movie_number:integer"|"list_update_timestamp_utc:text"|"list_creation_timestamp_utc:text"|"list_followers:integer"|"list_url:text"|"list_comments:integer"|"list_description:text"|"list_cover_image_url:text"|"list_first_image_url:text"|"list_second_image_url:text"|"list_third_image_url:text"|
244	name:movies||content:"movie_id:integer"|"movie_title:text"|"movie_release_year:integer"|"movie_url:text"|"movie_title_language:text"|"movie_popularity:integer"|"movie_image_url:text"|"director_id:text"|"director_name:text"|"director_url:text"|
245	name:ratings_users||content:"user_id:integer"|"rating_date_utc:text"|"user_trialist:integer"|"user_subscriber:integer"|"user_avatar_image_url:text"|"user_cover_image_url:text"|"user_eligible_for_trial:integer"|"user_has_payment_method:integer"|
246	name:lists_users||content:"user_id:integer"|"list_id:integer"|"list_update_date_utc:text"|"list_creation_date_utc:text"|"user_trialist:integer"|"user_subscriber:integer"|"user_avatar_image_url:text"|"user_cover_image_url:text"|"user_eligible_for_trial:text"|"user_has_payment_method:text"|
247	name:ratings||content:"movie_id:integer"|"rating_id:integer"|"rating_url:text"|"rating_score:integer"|"rating_timestamp_utc:text"|"critic:text"|"critic_likes:integer"|"critic_comments:integer"|"user_id:integer"|"user_trialist:integer"|"user_subscriber:integer"|"user_eligible_for_trial:integer"|"user_has_payment_method:integer"|
248	name:chapters||content:"id:integer"|"Act:integer"|"Scene:integer"|"Description:text"|"work_id:integer"|
249	name:characters||content:"id:integer"|"CharName:text"|"Abbrev:text"|"Description:text"|
250	name:paragraphs||content:"id:integer"|"ParagraphNum:integer"|"PlainText:text"|"character_id:integer"|"chapter_id:integer"|
251	name:works||content:"id:integer"|"Title:text"|"LongTitle:text"|"Date:integer"|"GenreType:text"|
252	name:authors||content:"au_id:text"|"au_lname:text"|"au_fname:text"|"phone:text"|"address:text"|"city:text"|"state:text"|"zip:text"|"contract:text"|
253	name:jobs||content:"job_id:integer"|"job_desc:text"|"min_lvl:integer"|"max_lvl:integer"|
254	name:publishers||content:"pub_id:text"|"pub_name:text"|"city:text"|"state:text"|"country:text"|
255	name:employee||content:"emp_id:text"|"fname:text"|"minit:text"|"lname:text"|"job_id:integer"|"job_lvl:integer"|"pub_id:text"|"hire_date:datetime"|
256	name:pub_info||content:"pub_id:text"|"logo:blob"|"pr_info:text"|
257	name:stores||content:"stor_id:text"|"stor_name:text"|"stor_address:text"|"city:text"|"state:text"|"zip:text"|
258	name:discounts||content:"discounttype:text"|"stor_id:text"|"lowqty:integer"|"highqty:integer"|"discount:real"|
259	name:titles||content:"title_id:text"|"title:text"|"type:text"|"pub_id:text"|"price:real"|"advance:real"|"royalty:integer"|"ytd_sales:integer"|"notes:text"|"pubdate:datetime"|
260	name:roysched||content:"title_id:text"|"lorange:integer"|"hirange:integer"|"royalty:integer"|
261	name:sales||content:"stor_id:text"|"ord_num:text"|"ord_date:datetime"|"qty:integer"|"payterms:text"|"title_id:text"|
262	name:titleauthor||content:"au_id:text"|"title_id:text"|"au_ord:integer"|"royaltyper:integer"|
263	name:offices||content:"officeCode:text"|"city:text"|"phone:text"|"addressLine1:text"|"addressLine2:text"|"state:text"|"country:text"|"postalCode:text"|"territory:text"|
264	name:employees||content:"employeeNumber:integer"|"lastName:text"|"firstName:text"|"extension:text"|"email:text"|"officeCode:text"|"reportsTo:integer"|"jobTitle:text"|
265	name:customers||content:"customerNumber:integer"|"customerName:text"|"contactLastName:text"|"contactFirstName:text"|"phone:text"|"addressLine1:text"|"addressLine2:text"|"city:text"|"state:text"|"postalCode:text"|"country:text"|"salesRepEmployeeNumber:integer"|"creditLimit:real"|
266	name:orders||content:"orderNumber:integer"|"orderDate:date"|"requiredDate:date"|"shippedDate:date"|"status:text"|"comments:text"|"customerNumber:integer"|
267	name:payments||content:"customerNumber:integer"|"checkNumber:text"|"paymentDate:date"|"amount:real"|
268	name:productlines||content:"productLine:text"|"textDescription:text"|"htmlDescription:text"|"image:blob"|
269	name:products||content:"productCode:text"|"productName:text"|"productLine:text"|"productScale:text"|"productVendor:text"|"productDescription:text"|"quantityInStock:integer"|"buyPrice:real"|"MSRP:real"|
270	name:orderdetails||content:"orderNumber:integer"|"productCode:text"|"quantityOrdered:integer"|"priceEach:real"|"orderLineNumber:integer"|
271	name:Question||content:"questiontext:text"|"questionid:integer"|
272	name:Survey||content:"SurveyID:integer"|"Description:text"|
273	name:Answer||content:"AnswerText:text"|"SurveyID:integer"|"UserID:integer"|"QuestionID:integer"|
274	name:AwardsMisc||content:"name:text"|"ID:text"|"award:text"|"year:integer"|"lgID:text"|"note:text"|
275	name:HOF||content:"year:integer"|"hofID:text"|"name:text"|"category:text"|
276	name:Teams||content:"year:integer"|"lgID:text"|"tmID:text"|"franchID:text"|"confID:text"|"divID:text"|"rank:integer"|"playoff:text"|"G:integer"|"W:integer"|"L:integer"|"T:integer"|"OTL:text"|"Pts:integer"|"SoW:text"|"SoL:text"|"GF:integer"|"GA:integer"|"name:text"|"PIM:text"|"BenchMinor:text"|"PPG:text"|"PPC:text"|"SHA:text"|"PKG:text"|"PKC:text"|"SHF:text"|
277	name:Coaches||content:"coachID:text"|"year:integer"|"tmID:text"|"lgID:text"|"stint:integer"|"notes:text"|"g:integer"|"w:integer"|"l:integer"|"t:integer"|"postg:text"|"postw:text"|"postl:text"|"postt:text"|
278	name:AwardsCoaches||content:"coachID:text"|"award:text"|"year:integer"|"lgID:text"|"note:text"|
279	name:Master||content:"playerID:text"|"coachID:text"|"hofID:text"|"firstName:text"|"lastName:text"|"nameNote:text"|"nameGiven:text"|"nameNick:text"|"height:text"|"weight:text"|"shootCatch:text"|"legendsID:text"|"ihdbID:text"|"hrefID:text"|"firstNHL:text"|"lastNHL:text"|"firstWHA:text"|"lastWHA:text"|"pos:text"|"birthYear:text"|"birthMon:text"|"birthDay:text"|"birthCountry:text"|"birthState:text"|"birthCity:text"|"deathYear:text"|"deathMon:text"|"deathDay:text"|"deathCountry:text"|"deathState:text"|"deathCity:text"|
280	name:AwardsPlayers||content:"playerID:text"|"award:text"|"year:integer"|"lgID:text"|"note:text"|"pos:text"|
281	name:CombinedShutouts||content:"year:integer"|"month:integer"|"date:integer"|"tmID:text"|"oppID:text"|"R/P:text"|"IDgoalie1:text"|"IDgoalie2:text"|
282	name:Goalies||content:"playerID:text"|"year:integer"|"stint:integer"|"tmID:text"|"lgID:text"|"GP:text"|"Min:text"|"W:text"|"L:text"|"T/OL:text"|"ENG:text"|"SHO:text"|"GA:text"|"SA:text"|"PostGP:text"|"PostMin:text"|"PostW:text"|"PostL:text"|"PostT:text"|"PostENG:text"|"PostSHO:text"|"PostGA:text"|"PostSA:text"|
283	name:GoaliesSC||content:"playerID:text"|"year:integer"|"tmID:text"|"lgID:text"|"GP:integer"|"Min:integer"|"W:integer"|"L:integer"|"T:integer"|"SHO:integer"|"GA:integer"|
284	name:GoaliesShootout||content:"playerID:text"|"year:integer"|"stint:integer"|"tmID:text"|"W:integer"|"L:integer"|"SA:integer"|"GA:integer"|
285	name:Scoring||content:"playerID:text"|"year:integer"|"stint:integer"|"tmID:text"|"lgID:text"|"pos:text"|"GP:integer"|"G:integer"|"A:integer"|"Pts:integer"|"PIM:integer"|"+/-:text"|"PPG:text"|"PPA:text"|"SHG:text"|"SHA:text"|"GWG:text"|"GTG:text"|"SOG:text"|"PostGP:text"|"PostG:text"|"PostA:text"|"PostPts:text"|"PostPIM:text"|"Post+/-:text"|"PostPPG:text"|"PostPPA:text"|"PostSHG:text"|"PostSHA:text"|"PostGWG:text"|"PostSOG:text"|
286	name:ScoringSC||content:"playerID:text"|"year:integer"|"tmID:text"|"lgID:text"|"pos:text"|"GP:integer"|"G:integer"|"A:integer"|"Pts:integer"|"PIM:integer"|
287	name:ScoringShootout||content:"playerID:text"|"year:integer"|"stint:integer"|"tmID:text"|"S:integer"|"G:integer"|"GDG:integer"|
288	name:ScoringSup||content:"playerID:text"|"year:integer"|"PPA:text"|"SHA:text"|
289	name:SeriesPost||content:"year:integer"|"round:text"|"series:text"|"tmIDWinner:text"|"lgIDWinner:text"|"tmIDLoser:text"|"lgIDLoser:text"|"W:integer"|"L:integer"|"T:integer"|"GoalsWinner:integer"|"GoalsLoser:integer"|"note:text"|
290	name:TeamSplits||content:"year:integer"|"lgID:text"|"tmID:text"|"hW:integer"|"hL:integer"|"hT:integer"|"hOTL:text"|"rW:integer"|"rL:integer"|"rT:integer"|"rOTL:text"|"SepW:text"|"SepL:text"|"SepT:text"|"SepOL:text"|"OctW:text"|"OctL:text"|"OctT:text"|"OctOL:text"|"NovW:text"|"NovL:text"|"NovT:text"|"NovOL:text"|"DecW:text"|"DecL:text"|"DecT:text"|"DecOL:text"|"JanW:integer"|"JanL:integer"|"JanT:integer"|"JanOL:text"|"FebW:integer"|"FebL:integer"|"FebT:integer"|"FebOL:text"|"MarW:text"|"MarL:text"|"MarT:text"|"MarOL:text"|"AprW:text"|"AprL:text"|"AprT:text"|"AprOL:text"|
291	name:TeamVsTeam||content:"year:integer"|"lgID:text"|"tmID:text"|"oppID:text"|"W:integer"|"L:integer"|"T:integer"|"OTL:text"|
292	name:TeamsHalf||content:"year:integer"|"lgID:text"|"tmID:text"|"half:integer"|"rank:integer"|"G:integer"|"W:integer"|"L:integer"|"T:integer"|"GF:integer"|"GA:integer"|
293	name:TeamsPost||content:"year:integer"|"lgID:text"|"tmID:text"|"G:integer"|"W:integer"|"L:integer"|"T:integer"|"GF:integer"|"GA:integer"|"PIM:text"|"BenchMinor:text"|"PPG:text"|"PPC:text"|"SHA:text"|"PKG:text"|"PKC:text"|"SHF:text"|
294	name:TeamsSC||content:"year:integer"|"lgID:text"|"tmID:text"|"G:integer"|"W:integer"|"L:integer"|"T:integer"|"GF:integer"|"GA:integer"|"PIM:text"|
295	name:abbrev||content:"Type:text"|"Code:text"|"Fullname:text"|
296	name:runs||content:"run_at:text"|"max_rowid:integer"|"reviews_added:integer"|
297	name:podcasts||content:"podcast_id:text"|"itunes_id:integer"|"slug:text"|"itunes_url:text"|"title:text"|
298	name:reviews||content:"podcast_id:text"|"title:text"|"content:text"|"rating:integer"|"author_id:text"|"created_at:text"|
299	name:categories||content:"podcast_id:text"|"category:text"|
300	name:CBSA||content:"CBSA:integer"|"CBSA_name:text"|"CBSA_type:text"|
301	name:state||content:"abbreviation:text"|"name:text"|
302	name:congress||content:"cognress_rep_id:text"|"first_name:text"|"last_name:text"|"CID:text"|"party:text"|"state:text"|"abbreviation:text"|"House:text"|"District:integer"|"land_area:real"|
303	name:zip_data||content:"zip_code:integer"|"city:text"|"state:text"|"multi_county:text"|"type:text"|"organization:text"|"time_zone:text"|"daylight_savings:text"|"latitude:real"|"longitude:real"|"elevation:integer"|"state_fips:integer"|"county_fips:integer"|"region:text"|"division:text"|"population_2020:integer"|"population_2010:integer"|"households:integer"|"avg_house_value:integer"|"avg_income_per_household:integer"|"persons_per_household:real"|"white_population:integer"|"black_population:integer"|"hispanic_population:integer"|"asian_population:integer"|"american_indian_population:integer"|"hawaiian_population:integer"|"other_population:integer"|"male_population:integer"|"female_population:integer"|"median_age:real"|"male_median_age:real"|"female_median_age:real"|"residential_mailboxes:integer"|"business_mailboxes:integer"|"total_delivery_receptacles:integer"|"businesses:integer"|"1st_quarter_payroll:integer"|"annual_payroll:integer"|"employees:integer"|"water_area:real"|"land_area:real"|"single_family_delivery_units:integer"|"multi_family_delivery_units:integer"|"total_beneficiaries:integer"|"retired_workers:integer"|"disabled_workers:integer"|"parents_and_widowed:integer"|"spouses:integer"|"children:integer"|"over_65:integer"|"monthly_benefits_all:integer"|"monthly_benefits_retired_workers:integer"|"monthly_benefits_widowed:integer"|"CBSA:integer"|
304	name:alias||content:"zip_code:integer"|"alias:text"|
305	name:area_code||content:"zip_code:integer"|"area_code:integer"|
306	name:avoid||content:"zip_code:integer"|"bad_alias:text"|
307	name:country||content:"zip_code:integer"|"county:text"|"state:text"|
308	name:zip_congress||content:"zip_code:integer"|"district:text"|
309	name:Dish||content:"id:integer"|"name:text"|"description:text"|"menus_appeared:integer"|"times_appeared:integer"|"first_appeared:integer"|"last_appeared:integer"|"lowest_price:real"|"highest_price:real"|
310	name:Menu||content:"id:integer"|"name:text"|"sponsor:text"|"event:text"|"venue:text"|"place:text"|"physical_description:text"|"occasion:text"|"notes:text"|"call_number:text"|"keywords:text"|"language:text"|"date:date"|"location:text"|"location_type:text"|"currency:text"|"currency_symbol:text"|"status:text"|"page_count:integer"|"dish_count:integer"|
311	name:MenuPage||content:"id:integer"|"menu_id:integer"|"page_number:integer"|"image_id:real"|"full_height:integer"|"full_width:integer"|"uuid:text"|
312	name:MenuItem||content:"id:integer"|"menu_page_id:integer"|"price:real"|"high_price:real"|"dish_id:integer"|"created_at:text"|"updated_at:text"|"xpos:real"|"ypos:real"|
313	name:awards_players||content:"playerID:text"|"award:text"|"year:integer"|"lgID:text"|"note:text"|"pos:text"|
314	name:coaches||content:"coachID:text"|"year:integer"|"tmID:text"|"lgID:text"|"stint:integer"|"won:integer"|"lost:integer"|"post_wins:integer"|"post_losses:integer"|
315	name:draft||content:"id:integer"|"draftYear:integer"|"draftRound:integer"|"draftSelection:integer"|"draftOverall:integer"|"tmID:text"|"firstName:text"|"lastName:text"|"suffixName:text"|"playerID:text"|"draftFrom:text"|"lgID:text"|
316	name:player_allstar||content:"playerID:text"|"last_name:text"|"first_name:text"|"season_id:integer"|"conference:text"|"league_id:text"|"games_played:integer"|"minutes:integer"|"points:integer"|"o_rebounds:integer"|"d_rebounds:integer"|"rebounds:integer"|"assists:integer"|"steals:integer"|"blocks:integer"|"turnovers:integer"|"personal_fouls:integer"|"fg_attempted:integer"|"fg_made:integer"|"ft_attempted:integer"|"ft_made:integer"|"three_attempted:integer"|"three_made:integer"|
317	name:players||content:"playerID:text"|"useFirst:text"|"firstName:text"|"middleName:text"|"lastName:text"|"nameGiven:text"|"fullGivenName:text"|"nameSuffix:text"|"nameNick:text"|"pos:text"|"firstseason:integer"|"lastseason:integer"|"height:real"|"weight:integer"|"college:text"|"collegeOther:text"|"birthDate:date"|"birthCity:text"|"birthState:text"|"birthCountry:text"|"highSchool:text"|"hsCity:text"|"hsState:text"|"hsCountry:text"|"deathDate:date"|"race:text"|
318	name:teams||content:"year:integer"|"lgID:text"|"tmID:text"|"franchID:text"|"confID:text"|"divID:text"|"rank:integer"|"confRank:integer"|"playoff:text"|"name:text"|"o_fgm:integer"|"o_ftm:integer"|"o_pts:integer"|"d_pts:integer"|"homeWon:integer"|"homeLost:integer"|"awayWon:integer"|"awayLost:integer"|"won:integer"|"lost:integer"|"games:integer"|"arena:text"|
319	name:awards_coaches||content:"id:integer"|"year:integer"|"coachID:text"|"award:text"|"lgID:text"|"note:text"|
320	name:players_teams||content:"id:integer"|"playerID:text"|"year:integer"|"stint:integer"|"tmID:text"|"lgID:text"|"GP:integer"|"GS:integer"|"minutes:integer"|"points:integer"|"oRebounds:integer"|"dRebounds:integer"|"rebounds:integer"|"assists:integer"|"steals:integer"|"blocks:integer"|"turnovers:integer"|"PF:integer"|"fgAttempted:integer"|"fgMade:integer"|"ftAttempted:integer"|"ftMade:integer"|"threeAttempted:integer"|"threeMade:integer"|"PostGP:integer"|"PostGS:integer"|"PostMinutes:integer"|"PostPoints:integer"|"PostoRebounds:integer"|"PostdRebounds:integer"|"PostRebounds:integer"|"PostAssists:integer"|"PostSteals:integer"|"PostBlocks:integer"|"PostTurnovers:integer"|"PostPF:integer"|"PostfgAttempted:integer"|"PostfgMade:integer"|"PostftAttempted:integer"|"PostftMade:integer"|"PostthreeAttempted:integer"|"PostthreeMade:integer"|"note:text"|
321	name:series_post||content:"id:integer"|"year:integer"|"round:text"|"series:text"|"tmIDWinner:text"|"lgIDWinner:text"|"tmIDLoser:text"|"lgIDLoser:text"|"W:integer"|"L:integer"|
322	name:country||content:"origin:integer"|"country:text"|
323	name:price||content:"ID:integer"|"price:real"|
324	name:data||content:"ID:integer"|"mpg:real"|"cylinders:integer"|"displacement:real"|"horsepower:integer"|"weight:integer"|"acceleration:real"|"model:integer"|"car_name:text"|
325	name:production||content:"ID:integer"|"model_year:integer"|"country:integer"|
326	name:all_prevalences||content:"ITEM:text"|"POPULATION TYPE:text"|"OCCURRENCES:integer"|"POPULATION COUNT:integer"|"PREVALENCE RATE:real"|"PREVALENCE PERCENTAGE:real"|
327	name:patients||content:"patient:text"|"birthdate:date"|"deathdate:date"|"ssn:text"|"drivers:text"|"passport:text"|"prefix:text"|"first:text"|"last:text"|"suffix:text"|"maiden:text"|"marital:text"|"race:text"|"ethnicity:text"|"gender:text"|"birthplace:text"|"address:text"|
328	name:encounters||content:"ID:text"|"DATE:date"|"PATIENT:text"|"CODE:integer"|"DESCRIPTION:text"|"REASONCODE:integer"|"REASONDESCRIPTION:text"|
329	name:allergies||content:"START:text"|"STOP:text"|"PATIENT:text"|"ENCOUNTER:text"|"CODE:integer"|"DESCRIPTION:text"|
330	name:careplans||content:"ID:text"|"START:date"|"STOP:date"|"PATIENT:text"|"ENCOUNTER:text"|"CODE:real"|"DESCRIPTION:text"|"REASONCODE:integer"|"REASONDESCRIPTION:text"|
331	name:conditions||content:"START:date"|"STOP:date"|"PATIENT:text"|"ENCOUNTER:text"|"CODE:integer"|"DESCRIPTION:text"|
332	name:immunizations||content:"DATE:date"|"PATIENT:text"|"ENCOUNTER:text"|"CODE:integer"|"DESCRIPTION:text"|
333	name:medications||content:"START:date"|"STOP:date"|"PATIENT:text"|"ENCOUNTER:text"|"CODE:integer"|"DESCRIPTION:text"|"REASONCODE:integer"|"REASONDESCRIPTION:text"|
334	name:observations||content:"DATE:date"|"PATIENT:text"|"ENCOUNTER:text"|"CODE:text"|"DESCRIPTION:text"|"VALUE:real"|"UNITS:text"|
335	name:procedures||content:"DATE:date"|"PATIENT:text"|"ENCOUNTER:text"|"CODE:integer"|"DESCRIPTION:text"|"REASONCODE:integer"|"REASONDESCRIPTION:text"|
336	name:claims||content:"ID:text"|"PATIENT:text"|"BILLABLEPERIOD:date"|"ORGANIZATION:text"|"ENCOUNTER:text"|"DIAGNOSIS:text"|"TOTAL:integer"|
337	name:Classification||content:"GeneID:text"|"Localization:text"|
338	name:Genes||content:"GeneID:text"|"Essential:text"|"Class:text"|"Complex:text"|"Phenotype:text"|"Motif:text"|"Chromosome:integer"|"Function:text"|"Localization:text"|
339	name:Interactions||content:"GeneID1:text"|"GeneID2:text"|"Type:text"|"Expression_Corr:real"|
340	name:customer||content:"c_custkey:integer"|"c_mktsegment:text"|"c_nationkey:integer"|"c_name:text"|"c_address:text"|"c_phone:text"|"c_acctbal:real"|"c_comment:text"|
341	name:lineitem||content:"l_shipdate:date"|"l_orderkey:integer"|"l_discount:real"|"l_extendedprice:real"|"l_suppkey:integer"|"l_quantity:integer"|"l_returnflag:text"|"l_partkey:integer"|"l_linestatus:text"|"l_tax:real"|"l_commitdate:date"|"l_receiptdate:date"|"l_shipmode:text"|"l_linenumber:integer"|"l_shipinstruct:text"|"l_comment:text"|
342	name:nation||content:"n_nationkey:integer"|"n_name:text"|"n_regionkey:integer"|"n_comment:text"|
343	name:orders||content:"o_orderdate:date"|"o_orderkey:integer"|"o_custkey:integer"|"o_orderpriority:text"|"o_shippriority:integer"|"o_clerk:text"|"o_orderstatus:text"|"o_totalprice:real"|"o_comment:text"|
344	name:part||content:"p_partkey:integer"|"p_type:text"|"p_size:integer"|"p_brand:text"|"p_name:text"|"p_container:text"|"p_mfgr:text"|"p_retailprice:real"|"p_comment:text"|
345	name:partsupp||content:"ps_partkey:integer"|"ps_suppkey:integer"|"ps_supplycost:real"|"ps_availqty:integer"|"ps_comment:text"|
346	name:region||content:"r_regionkey:integer"|"r_name:text"|"r_comment:text"|
347	name:supplier||content:"s_suppkey:integer"|"s_nationkey:integer"|"s_comment:text"|"s_name:text"|"s_address:text"|"s_phone:text"|"s_acctbal:real"|
348	name:app_all||content:"app_id:integer"|
349	name:app_events||content:"event_id:integer"|"app_id:integer"|"is_installed:integer"|"is_active:integer"|
350	name:app_events_relevant||content:"event_id:integer"|"app_id:integer"|"is_installed:integer"|"is_active:integer"|
351	name:app_labels||content:"app_id:integer"|"label_id:integer"|
352	name:events||content:"event_id:integer"|"device_id:integer"|"timestamp:datetime"|"longitude:real"|"latitude:real"|
353	name:events_relevant||content:"event_id:integer"|"device_id:integer"|"timestamp:datetime"|"longitude:real"|"latitude:real"|
354	name:gender_age||content:"device_id:integer"|"gender:text"|"age:integer"|"group:text"|
355	name:gender_age_test||content:"device_id:integer"|
356	name:gender_age_train||content:"device_id:integer"|"gender:text"|"age:integer"|"group:text"|
357	name:label_categories||content:"label_id:integer"|"category:text"|
358	name:phone_brand_device_model2||content:"device_id:integer"|"phone_brand:text"|"device_model:text"|
359	name:sample_submission||content:"device_id:integer"|"F23-:real"|"F24-26:real"|"F27-28:real"|"F29-32:real"|"F33-42:real"|"F43+:real"|"M22-:real"|"M23-26:real"|"M27-28:real"|"M29-31:real"|"M32-38:real"|"M39+:real"|
360	name:customers||content:"CustomerID:integer"|"First:text"|"Last:text"|"StreetAddress:text"|"City:text"|"State:text"|"ZipCode:integer"|"Email:text"|"PhoneNumber:text"|"FirstPurchaseDate:date"|"SubscribedToEmailList:text"|"Gender:text"|
361	name:geolocation||content:"LocationID:integer"|"Latitude:real"|"Longitude:real"|
362	name:location||content:"LocationID:integer"|"LocationName:text"|"StreetAddress:text"|"City:text"|"State:text"|"ZipCode:integer"|
363	name:rootbeerbrand||content:"BrandID:integer"|"BrandName:text"|"FirstBrewedYear:integer"|"BreweryName:text"|"City:text"|"State:text"|"Country:text"|"Description:text"|"CaneSugar:text"|"CornSyrup:text"|"Honey:text"|"ArtificialSweetener:text"|"Caffeinated:text"|"Alcoholic:text"|"AvailableInCans:text"|"AvailableInBottles:text"|"AvailableInKegs:text"|"Website:text"|"FacebookPage:text"|"Twitter:text"|"WholesaleCost:real"|"CurrentRetailPrice:real"|
364	name:rootbeer||content:"RootBeerID:integer"|"BrandID:integer"|"ContainerType:text"|"LocationID:integer"|"PurchaseDate:date"|
365	name:rootbeerreview||content:"CustomerID:integer"|"BrandID:integer"|"StarRating:integer"|"ReviewDate:date"|"Review:text"|
366	name:transaction||content:"TransactionID:integer"|"CreditCardNumber:integer"|"CustomerID:integer"|"TransactionDate:date"|"CreditCardType:text"|"LocationID:integer"|"RootBeerID:integer"|"PurchasePrice:real"|
367	name:Community_Area||content:"community_area_no:integer"|"community_area_name:text"|"side:text"|"population:text"|
368	name:District||content:"district_no:integer"|"district_name:text"|"address:text"|"zip_code:integer"|"commander:text"|"email:text"|"phone:text"|"fax:text"|"tty:text"|"twitter:text"|
369	name:FBI_Code||content:"fbi_code_no:text"|"title:text"|"description:text"|"crime_against:text"|
370	name:IUCR||content:"iucr_no:text"|"primary_description:text"|"secondary_description:text"|"index_code:text"|
371	name:Neighborhood||content:"neighborhood_name:text"|"community_area_no:integer"|
372	name:Ward||content:"ward_no:integer"|"alderman_first_name:text"|"alderman_last_name:text"|"alderman_name_suffix:text"|"ward_office_address:text"|"ward_office_zip:text"|"ward_email:text"|"ward_office_phone:text"|"ward_office_fax:text"|"city_hall_office_room:integer"|"city_hall_office_phone:text"|"city_hall_office_fax:text"|"Population:integer"|
373	name:Crime||content:"report_no:integer"|"case_number:text"|"date:text"|"block:text"|"iucr_no:text"|"location_description:text"|"arrest:text"|"domestic:text"|"beat:integer"|"district_no:integer"|"ward_no:integer"|"community_area_no:integer"|"fbi_code_no:text"|"latitude:text"|"longitude:text"|
374	name:borders||content:"Country1:text"|"Country2:text"|"Length:real"|
375	name:city||content:"Name:text"|"Country:text"|"Province:text"|"Population:integer"|"Longitude:real"|"Latitude:real"|
376	name:continent||content:"Name:text"|"Area:real"|
377	name:country||content:"Name:text"|"Code:text"|"Capital:text"|"Province:text"|"Area:real"|"Population:integer"|
378	name:desert||content:"Name:text"|"Area:real"|"Longitude:real"|"Latitude:real"|
379	name:economy||content:"Country:text"|"GDP:real"|"Agriculture:real"|"Service:real"|"Industry:real"|"Inflation:real"|
380	name:encompasses||content:"Country:text"|"Continent:text"|"Percentage:real"|
381	name:ethnicGroup||content:"Country:text"|"Name:text"|"Percentage:real"|
382	name:geo_desert||content:"Desert:text"|"Country:text"|"Province:text"|
383	name:geo_estuary||content:"River:text"|"Country:text"|"Province:text"|
384	name:geo_island||content:"Island:text"|"Country:text"|"Province:text"|
385	name:geo_lake||content:"Lake:text"|"Country:text"|"Province:text"|
386	name:geo_mountain||content:"Mountain:text"|"Country:text"|"Province:text"|
387	name:geo_river||content:"River:text"|"Country:text"|"Province:text"|
388	name:geo_sea||content:"Sea:text"|"Country:text"|"Province:text"|
389	name:geo_source||content:"River:text"|"Country:text"|"Province:text"|
390	name:island||content:"Name:text"|"Islands:text"|"Area:real"|"Height:real"|"Type:text"|"Longitude:real"|"Latitude:real"|
391	name:islandIn||content:"Island:text"|"Sea:text"|"Lake:text"|"River:text"|
392	name:isMember||content:"Country:text"|"Organization:text"|"Type:text"|
393	name:lake||content:"Name:text"|"Area:real"|"Depth:real"|"Altitude:real"|"Type:text"|"River:text"|"Longitude:real"|"Latitude:real"|
394	name:language||content:"Country:text"|"Name:text"|"Percentage:real"|
395	name:located||content:"City:text"|"Province:text"|"Country:text"|"River:text"|"Lake:text"|"Sea:text"|
396	name:locatedOn||content:"City:text"|"Province:text"|"Country:text"|"Island:text"|
397	name:mergesWith||content:"Sea1:text"|"Sea2:text"|
398	name:mountain||content:"Name:text"|"Mountains:text"|"Height:real"|"Type:text"|"Longitude:real"|"Latitude:real"|
399	name:mountainOnIsland||content:"Mountain:text"|"Island:text"|
400	name:organization||content:"Abbreviation:text"|"Name:text"|"City:text"|"Country:text"|"Province:text"|"Established:date"|
401	name:politics||content:"Country:text"|"Independence:date"|"Dependent:text"|"Government:text"|
402	name:population||content:"Country:text"|"Population_Growth:real"|"Infant_Mortality:real"|
403	name:province||content:"Name:text"|"Country:text"|"Population:integer"|"Area:real"|"Capital:text"|"CapProv:text"|
404	name:religion||content:"Country:text"|"Name:text"|"Percentage:real"|
405	name:river||content:"Name:text"|"River:text"|"Lake:text"|"Sea:text"|"Length:real"|"SourceLongitude:real"|"SourceLatitude:real"|"Mountains:text"|"SourceAltitude:real"|"EstuaryLongitude:real"|"EstuaryLatitude:real"|
406	name:sea||content:"Name:text"|"Depth:real"|
407	name:target||content:"Country:text"|"Target:text"|
408	name:bool||content:"name:text"|
409	name:person||content:"name:text"|
410	name:disabled||content:"name:text"|
411	name:enlist||content:"name:text"|"organ:text"|
412	name:filed_for_bankrupcy||content:"name:text"|
413	name:longest_absense_from_school||content:"name:text"|"month:integer"|
414	name:male||content:"name:text"|
415	name:no_payment_due||content:"name:text"|"bool:text"|
416	name:unemployed||content:"name:text"|
417	name:enrolled||content:"name:text"|"school:text"|"month:integer"|
418	name:Method||content:"Id:integer"|"Name:text"|"FullComment:text"|"Summary:text"|"ApiCalls:text"|"CommentIsXml:integer"|"SampledAt:integer"|"SolutionId:integer"|"Lang:text"|"NameTokenized:text"|
419	name:MethodParameter||content:"Id:integer"|"MethodId:text"|"Type:text"|"Name:text"|
420	name:Repo||content:"Id:integer"|"Url:text"|"Stars:integer"|"Forks:integer"|"Watchers:integer"|"ProcessedTime:integer"|
421	name:Solution||content:"Id:integer"|"RepoId:integer"|"Path:text"|"ProcessedTime:integer"|"WasCompiled:integer"|
422	name:Categories||content:"CategoryID:integer"|"CategoryName:text"|"Description:text"|
423	name:Customers||content:"CustomerID:integer"|"CustomerName:text"|"ContactName:text"|"Address:text"|"City:text"|"PostalCode:text"|"Country:text"|
424	name:Employees||content:"EmployeeID:integer"|"LastName:text"|"FirstName:text"|"BirthDate:date"|"Photo:text"|"Notes:text"|
425	name:Shippers||content:"ShipperID:integer"|"ShipperName:text"|"Phone:text"|
426	name:Suppliers||content:"SupplierID:integer"|"SupplierName:text"|"ContactName:text"|"Address:text"|"City:text"|"PostalCode:text"|"Country:text"|"Phone:text"|
427	name:Products||content:"ProductID:integer"|"ProductName:text"|"SupplierID:integer"|"CategoryID:integer"|"Unit:text"|"Price:real"|
428	name:Orders||content:"OrderID:integer"|"CustomerID:integer"|"EmployeeID:integer"|"OrderDate:datetime"|"ShipperID:integer"|
429	name:OrderDetails||content:"OrderDetailID:integer"|"OrderID:integer"|"ProductID:integer"|"Quantity:integer"|
430	name:torrents||content:"groupName:text"|"totalSnatched:integer"|"artist:text"|"groupYear:integer"|"releaseType:text"|"groupId:integer"|"id:integer"|
431	name:tags||content:"index:integer"|"id:integer"|"tag:text"|
432	name:characters||content:"movie_title:text"|"release_date:text"|"hero:text"|"villian:text"|"song:text"|
433	name:director||content:"name:text"|"director:text"|
434	name:movies_total_gross||content:"movie_title:text"|"release_date:text"|"genre:text"|"MPAA_rating:text"|"total_gross:text"|"inflation_adjusted_gross:text"|
435	name:revenue||content:"Year:integer"|"Studio Entertainment[NI 1]:real"|"Disney Consumer Products[NI 2]:real"|"Disney Interactive[NI 3][Rev 1]:integer"|"Walt Disney Parks and Resorts:real"|"Disney Media Networks:text"|"Total:integer"|
436	name:voice-actors||content:"character:text"|"voice-actor:text"|"movie:text"|
437	name:institution_details||content:"unitid:integer"|"chronname:text"|"city:text"|"state:text"|"level:text"|"control:text"|"basic:text"|"hbcu:text"|"flagship:text"|"long_x:real"|"lat_y:real"|"site:text"|"student_count:integer"|"awards_per_value:real"|"awards_per_state_value:real"|"awards_per_natl_value:real"|"exp_award_value:integer"|"exp_award_state_value:integer"|"exp_award_natl_value:integer"|"exp_award_percentile:integer"|"ft_pct:real"|"fte_value:integer"|"fte_percentile:integer"|"med_sat_value:text"|"med_sat_percentile:text"|"aid_value:integer"|"aid_percentile:integer"|"endow_value:text"|"endow_percentile:text"|"grad_100_value:real"|"grad_100_percentile:integer"|"grad_150_value:real"|"grad_150_percentile:integer"|"pell_value:real"|"pell_percentile:integer"|"retain_value:real"|"retain_percentile:integer"|"ft_fac_value:real"|"ft_fac_percentile:integer"|"vsa_year:text"|"vsa_grad_after4_first:text"|"vsa_grad_elsewhere_after4_first:text"|"vsa_enroll_after4_first:text"|"vsa_enroll_elsewhere_after4_first:text"|"vsa_grad_after6_first:text"|"vsa_grad_elsewhere_after6_first:text"|"vsa_enroll_after6_first:text"|"vsa_enroll_elsewhere_after6_first:text"|"vsa_grad_after4_transfer:text"|"vsa_grad_elsewhere_after4_transfer:text"|"vsa_enroll_after4_transfer:text"|"vsa_enroll_elsewhere_after4_transfer:text"|"vsa_grad_after6_transfer:text"|"vsa_grad_elsewhere_after6_transfer:text"|"vsa_enroll_after6_transfer:text"|"vsa_enroll_elsewhere_after6_transfer:text"|"similar:text"|"state_sector_ct:integer"|"carnegie_ct:integer"|"counted_pct:text"|"nicknames:text"|"cohort_size:integer"|
438	name:institution_grads||content:"unitid:integer"|"year:integer"|"gender:text"|"race:text"|"cohort:text"|"grad_cohort:text"|"grad_100:text"|"grad_150:text"|"grad_100_rate:text"|"grad_150_rate:text"|
439	name:state_sector_grads||content:"stateid:integer"|"state:text"|"state_abbr:text"|"control:text"|"level:text"|"year:integer"|"gender:text"|"race:text"|"cohort:text"|"grad_cohort:text"|"grad_100:text"|"grad_150:text"|"grad_100_rate:text"|"grad_150_rate:text"|"grad_cohort_ct:integer"|
440	name:state_sector_details||content:"stateid:integer"|"state:text"|"state_post:text"|"level:text"|"control:text"|"schools_count:integer"|"counted_pct:text"|"awards_per_state_value:text"|"awards_per_natl_value:real"|"exp_award_state_value:text"|"exp_award_natl_value:integer"|"state_appr_value:text"|"state_appr_rank:text"|"grad_rate_rank:text"|"awards_per_rank:text"|
441	name:height_info||content:"height_id:integer"|"height_in_cm:integer"|"height_in_inch:text"|
442	name:weight_info||content:"weight_id:integer"|"weight_in_kg:integer"|"weight_in_lbs:integer"|
443	name:PlayerInfo||content:"ELITEID:integer"|"PlayerName:text"|"birthdate:text"|"birthyear:date"|"birthmonth:integer"|"birthday:integer"|"birthplace:text"|"nation:text"|"height:integer"|"weight:integer"|"position_info:text"|"shoots:text"|"draftyear:integer"|"draftround:integer"|"overall:integer"|"overallby:text"|"CSS_rank:integer"|"sum_7yr_GP:integer"|"sum_7yr_TOI:integer"|"GP_greater_than_0:text"|
444	name:SeasonStatus||content:"ELITEID:integer"|"SEASON:text"|"TEAM:text"|"LEAGUE:text"|"GAMETYPE:text"|"GP:integer"|"G:integer"|"A:integer"|"P:integer"|"PIM:integer"|"PLUSMINUS:integer"|
445	name:Country||content:"CountryCode:text"|"ShortName:text"|"TableName:text"|"LongName:text"|"Alpha2Code:text"|"CurrencyUnit:text"|"SpecialNotes:text"|"Region:text"|"IncomeGroup:text"|"Wb2Code:text"|"NationalAccountsBaseYear:text"|"NationalAccountsReferenceYear:text"|"SnaPriceValuation:text"|"LendingCategory:text"|"OtherGroups:text"|"SystemOfNationalAccounts:text"|"AlternativeConversionFactor:text"|"PppSurveyYear:text"|"BalanceOfPaymentsManualInUse:text"|"ExternalDebtReportingStatus:text"|"SystemOfTrade:text"|"GovernmentAccountingConcept:text"|"ImfDataDisseminationStandard:text"|"LatestPopulationCensus:text"|"LatestHouseholdSurvey:text"|"SourceOfMostRecentIncomeAndExpenditureData:text"|"VitalRegistrationComplete:text"|"LatestAgriculturalCensus:text"|"LatestIndustrialData:integer"|"LatestTradeData:integer"|"LatestWaterWithdrawalData:integer"|
446	name:Series||content:"SeriesCode:text"|"Topic:text"|"IndicatorName:text"|"ShortDefinition:text"|"LongDefinition:text"|"UnitOfMeasure:text"|"Periodicity:text"|"BasePeriod:text"|"OtherNotes:integer"|"AggregationMethod:text"|"LimitationsAndExceptions:text"|"NotesFromOriginalSource:text"|"GeneralComments:text"|"Source:text"|"StatisticalConceptAndMethodology:text"|"DevelopmentRelevance:text"|"RelatedSourceLinks:text"|"OtherWebLinks:integer"|"RelatedIndicators:integer"|"LicenseType:text"|
447	name:CountryNotes||content:"Countrycode:text"|"Seriescode:text"|"Description:text"|
448	name:Footnotes||content:"Countrycode:text"|"Seriescode:text"|"Year:text"|"Description:text"|
449	name:Indicators||content:"CountryName:text"|"CountryCode:text"|"IndicatorName:text"|"IndicatorCode:text"|"Year:integer"|"Value:integer"|
450	name:SeriesNotes||content:"Seriescode:text"|"Year:text"|"Description:text"|
451	name:Air Carriers||content:"Code:integer"|"Description:text"|
452	name:Airports||content:"Code:text"|"Description:text"|
453	name:Airlines||content:"FL_DATE:text"|"OP_CARRIER_AIRLINE_ID:integer"|"TAIL_NUM:text"|"OP_CARRIER_FL_NUM:integer"|"ORIGIN_AIRPORT_ID:integer"|"ORIGIN_AIRPORT_SEQ_ID:integer"|"ORIGIN_CITY_MARKET_ID:integer"|"ORIGIN:text"|"DEST_AIRPORT_ID:integer"|"DEST_AIRPORT_SEQ_ID:integer"|"DEST_CITY_MARKET_ID:integer"|"DEST:text"|"CRS_DEP_TIME:integer"|"DEP_TIME:integer"|"DEP_DELAY:integer"|"DEP_DELAY_NEW:integer"|"ARR_TIME:integer"|"ARR_DELAY:integer"|"ARR_DELAY_NEW:integer"|"CANCELLED:integer"|"CANCELLATION_CODE:text"|"CRS_ELAPSED_TIME:integer"|"ACTUAL_ELAPSED_TIME:integer"|"CARRIER_DELAY:integer"|"WEATHER_DELAY:integer"|"NAS_DELAY:integer"|"SECURITY_DELAY:integer"|"LATE_AIRCRAFT_DELAY:integer"|
454	name:state||content:"StateCode:text"|"State:text"|"Region:text"|
455	name:callcenterlogs||content:"Date received:date"|"Complaint ID:text"|"rand client:text"|"phonefinal:text"|"vru+line:text"|"call_id:integer"|"priority:integer"|"type:text"|"outcome:text"|"server:text"|"ser_start:text"|"ser_exit:text"|"ser_time:text"|
456	name:client||content:"client_id:text"|"sex:text"|"day:integer"|"month:integer"|"year:integer"|"age:integer"|"social:text"|"first:text"|"middle:text"|"last:text"|"phone:text"|"email:text"|"address_1:text"|"address_2:text"|"city:text"|"state:text"|"zipcode:integer"|"district_id:integer"|
457	name:district||content:"district_id:integer"|"city:text"|"state_abbrev:text"|"division:text"|
458	name:events||content:"Date received:date"|"Product:text"|"Sub-product:text"|"Issue:text"|"Sub-issue:text"|"Consumer complaint narrative:text"|"Tags:text"|"Consumer consent provided?:text"|"Submitted via:text"|"Date sent to company:text"|"Company response to consumer:text"|"Timely response?:text"|"Consumer disputed?:text"|"Complaint ID:text"|"Client_ID:text"|
459	name:reviews||content:"Date:date"|"Stars:integer"|"Reviews:text"|"Product:text"|"district_id:integer"|
460	name:cars||content:"id:integer"|"train_id:integer"|"position:integer"|"shape:text"|"len:text"|"sides:text"|"roof:text"|"wheels:integer"|"load_shape:text"|"load_num:integer"|
461	name:trains||content:"id:integer"|"direction:text"|
462	name:Attributes||content:"attribute_id:integer"|"attribute_name:text"|
463	name:Categories||content:"category_id:integer"|"category_name:text"|
464	name:Compliments||content:"compliment_id:integer"|"compliment_type:text"|
465	name:Days||content:"day_id:integer"|"day_of_week:text"|
466	name:Years||content:"year_id:integer"|"actual_year:integer"|
467	name:Business_Attributes||content:"attribute_id:integer"|"business_id:integer"|"attribute_value:text"|
468	name:Business_Categories||content:"business_id:integer"|"category_id:integer"|
469	name:Business_Hours||content:"business_id:integer"|"day_id:integer"|"opening_time:text"|"closing_time:text"|
470	name:Checkins||content:"business_id:integer"|"day_id:integer"|"label_time_0:text"|"label_time_1:text"|"label_time_2:text"|"label_time_3:text"|"label_time_4:text"|"label_time_5:text"|"label_time_6:text"|"label_time_7:text"|"label_time_8:text"|"label_time_9:text"|"label_time_10:text"|"label_time_11:text"|"label_time_12:text"|"label_time_13:text"|"label_time_14:text"|"label_time_15:text"|"label_time_16:text"|"label_time_17:text"|"label_time_18:text"|"label_time_19:text"|"label_time_20:text"|"label_time_21:text"|"label_time_22:text"|"label_time_23:text"|
471	name:Elite||content:"user_id:integer"|"year_id:integer"|
472	name:Reviews||content:"business_id:integer"|"user_id:integer"|"review_stars:integer"|"review_votes_funny:text"|"review_votes_useful:text"|"review_votes_cool:text"|"review_length:text"|
473	name:Tips||content:"business_id:integer"|"user_id:integer"|"likes:integer"|"tip_length:text"|
474	name:Users_Compliments||content:"compliment_id:integer"|"user_id:integer"|"number_of_compliments:text"|
475	name:Business||content:"business_id:integer"|"active:text"|"city:text"|"state:text"|"stars:real"|"review_count:text"|
476	name:Users||content:"user_id:integer"|"user_yelping_since_year:integer"|"user_average_stars:text"|"user_votes_funny:text"|"user_votes_useful:text"|"user_votes_cool:text"|"user_review_count:text"|"user_fans:text"|
477	name:essays||content:"projectid:text"|"teacher_acctid:text"|"title:text"|"short_description:text"|"need_statement:text"|"essay:text"|
478	name:projects||content:"projectid:text"|"teacher_acctid:text"|"schoolid:text"|"school_ncesid:text"|"school_latitude:real"|"school_longitude:real"|"school_city:text"|"school_state:text"|"school_zip:integer"|"school_metro:text"|"school_district:text"|"school_county:text"|"school_charter:text"|"school_magnet:text"|"school_year_round:text"|"school_nlns:text"|"school_kipp:text"|"school_charter_ready_promise:text"|"teacher_prefix:text"|"teacher_teach_for_america:text"|"teacher_ny_teaching_fellow:text"|"primary_focus_subject:text"|"primary_focus_area:text"|"secondary_focus_subject:text"|"secondary_focus_area:text"|"resource_type:text"|"poverty_level:text"|"grade_level:text"|"fulfillment_labor_materials:real"|"total_price_excluding_optional_support:real"|"total_price_including_optional_support:real"|"students_reached:integer"|"eligible_double_your_impact_match:text"|"eligible_almost_home_match:text"|"date_posted:date"|
479	name:donations||content:"donationid:text"|"projectid:text"|"donor_acctid:text"|"donor_city:text"|"donor_state:text"|"donor_zip:text"|"is_teacher_acct:text"|"donation_timestamp:datetime"|"donation_to_project:real"|"donation_optional_support:real"|"donation_total:real"|"dollar_amount:text"|"donation_included_optional_support:text"|"payment_method:text"|"payment_included_acct_credit:text"|"payment_included_campaign_gift_card:text"|"payment_included_web_purchased_gift_card:text"|"payment_was_promo_matched:text"|"via_giving_page:text"|"for_honoree:text"|"donation_message:text"|
480	name:resources||content:"resourceid:text"|"projectid:text"|"vendorid:integer"|"vendor_name:text"|"project_resource_type:text"|"item_name:text"|"item_number:text"|"item_unit_price:real"|"item_quantity:integer"|
481	name:coins||content:"id:integer"|"name:text"|"slug:text"|"symbol:text"|"status:text"|"category:text"|"description:text"|"subreddit:text"|"notice:text"|"tags:text"|"tag_names:text"|"website:text"|"platform_id:integer"|"date_added:text"|"date_launched:text"|
482	name:historical||content:"date:date"|"coin_id:integer"|"cmc_rank:integer"|"market_cap:real"|"price:real"|"open:real"|"high:real"|"low:real"|"close:real"|"time_high:text"|"time_low:text"|"volume_24h:real"|"percent_change_1h:real"|"percent_change_24h:real"|"percent_change_7d:real"|"circulating_supply:real"|"total_supply:real"|"max_supply:real"|"num_market_pairs:integer"|
483	name:Episode||content:"episode_id:text"|"season:integer"|"episode:integer"|"number_in_series:integer"|"title:text"|"summary:text"|"air_date:text"|"episode_image:text"|"rating:real"|"votes:integer"|
484	name:Person||content:"name:text"|"birthdate:text"|"birth_name:text"|"birth_place:text"|"birth_region:text"|"birth_country:text"|"height_meters:real"|"nickname:text"|
485	name:Award||content:"award_id:integer"|"organization:text"|"year:integer"|"award_category:text"|"award:text"|"person:text"|"role:text"|"episode_id:text"|"season:text"|"song:text"|"result:text"|
486	name:Character_Award||content:"award_id:integer"|"character:text"|
487	name:Credit||content:"episode_id:text"|"category:text"|"person:text"|"role:text"|"credited:text"|
488	name:Keyword||content:"episode_id:text"|"keyword:text"|
489	name:Vote||content:"episode_id:text"|"stars:integer"|"votes:integer"|"percent:real"|
490	name:film_text||content:"film_id:integer"|"title:text"|"description:text"|
491	name:actor||content:"actor_id:integer"|"first_name:text"|"last_name:text"|"last_update:datetime"|
492	name:address||content:"address_id:integer"|"address:text"|"address2:text"|"district:text"|"city_id:integer"|"postal_code:text"|"phone:text"|"last_update:datetime"|
493	name:category||content:"category_id:integer"|"name:text"|"last_update:datetime"|
494	name:city||content:"city_id:integer"|"city:text"|"country_id:integer"|"last_update:datetime"|
495	name:country||content:"country_id:integer"|"country:text"|"last_update:datetime"|
496	name:customer||content:"customer_id:integer"|"store_id:integer"|"first_name:text"|"last_name:text"|"email:text"|"address_id:integer"|"active:integer"|"create_date:datetime"|"last_update:datetime"|
497	name:film||content:"film_id:integer"|"title:text"|"description:text"|"release_year:text"|"language_id:integer"|"original_language_id:integer"|"rental_duration:integer"|"rental_rate:real"|"length:integer"|"replacement_cost:real"|"rating:text"|"special_features:text"|"last_update:datetime"|
498	name:film_actor||content:"actor_id:integer"|"film_id:integer"|"last_update:datetime"|
499	name:film_category||content:"film_id:integer"|"category_id:integer"|"last_update:datetime"|
500	name:inventory||content:"inventory_id:integer"|"film_id:integer"|"store_id:integer"|"last_update:datetime"|
501	name:language||content:"language_id:integer"|"name:text"|"last_update:datetime"|
502	name:payment||content:"payment_id:integer"|"customer_id:integer"|"staff_id:integer"|"rental_id:integer"|"amount:real"|"payment_date:datetime"|"last_update:datetime"|
503	name:rental||content:"rental_id:integer"|"rental_date:datetime"|"inventory_id:integer"|"customer_id:integer"|"return_date:datetime"|"staff_id:integer"|"last_update:datetime"|
504	name:staff||content:"staff_id:integer"|"first_name:text"|"last_name:text"|"address_id:integer"|"picture:blob"|"email:text"|"store_id:integer"|"active:integer"|"username:text"|"password:text"|"last_update:datetime"|
505	name:store||content:"store_id:integer"|"manager_staff_id:integer"|"address_id:integer"|"last_update:datetime"|
506	name:incidents||content:"case_number:text"|"date:date"|"location:text"|"subject_statuses:text"|"subject_weapon:text"|"subjects:text"|"subject_count:integer"|"officers:text"|
507	name:officers||content:"case_number:text"|"race:text"|"gender:text"|"last_name:text"|"first_name:text"|"full_name:text"|
508	name:subjects||content:"case_number:text"|"race:text"|"gender:text"|"last_name:text"|"first_name:text"|"full_name:text"|
509	name:people||content:"Customer ID:text"|"Customer Name:text"|"Segment:text"|"Country:text"|"City:text"|"State:text"|"Postal Code:integer"|"Region:text"|
510	name:product||content:"Product ID:text"|"Product Name:text"|"Category:text"|"Sub-Category:text"|"Region:text"|
511	name:central_superstore||content:"Row ID:integer"|"Order ID:text"|"Order Date:date"|"Ship Date:date"|"Ship Mode:text"|"Customer ID:text"|"Region:text"|"Product ID:text"|"Sales:real"|"Quantity:integer"|"Discount:real"|"Profit:real"|
512	name:east_superstore||content:"Row ID:integer"|"Order ID:text"|"Order Date:date"|"Ship Date:date"|"Ship Mode:text"|"Customer ID:text"|"Region:text"|"Product ID:text"|"Sales:real"|"Quantity:integer"|"Discount:real"|"Profit:real"|
513	name:south_superstore||content:"Row ID:integer"|"Order ID:text"|"Order Date:date"|"Ship Date:date"|"Ship Mode:text"|"Customer ID:text"|"Region:text"|"Product ID:text"|"Sales:real"|"Quantity:integer"|"Discount:real"|"Profit:real"|
514	name:west_superstore||content:"Row ID:integer"|"Order ID:text"|"Order Date:date"|"Ship Date:date"|"Ship Mode:text"|"Customer ID:text"|"Region:text"|"Product ID:text"|"Sales:real"|"Quantity:integer"|"Discount:real"|"Profit:real"|
515	name:users||content:"userid:integer"|"age:text"|"u_gender:text"|"occupation:text"|
516	name:directors||content:"directorid:integer"|"d_quality:integer"|"avg_revenue:integer"|
517	name:actors||content:"actorid:integer"|"a_gender:text"|"a_quality:integer"|
518	name:movies||content:"movieid:integer"|"year:integer"|"isEnglish:text"|"country:text"|"runningtime:integer"|
519	name:movies2actors||content:"movieid:integer"|"actorid:integer"|"cast_num:integer"|
520	name:movies2directors||content:"movieid:integer"|"directorid:integer"|"genre:text"|
521	name:u2base||content:"userid:integer"|"movieid:integer"|"rating:text"|
